ward,target_pct_vunerable
00A93O0,47.20553112030029
01V40KO,128.75699615478516
01ZHVW0,26.551530838012695
028YQJX,12.634855031967163
02G8W11,2.686478018760681
03RU77Q,68.98283004760742
0935C30,86.04000282287598
0DCE4FB,64.16046237945557
0DUEHMX,10.553321361541748
0FTXTHP,15.834736824035645
0FXECHK,9.984815835952759
0HCX91F,10.037733435630798
0IKGARI,2.46630397439003
0JRGKQ4,39.22511386871338
0KTSEXR,9.59261965751648
0M6MX2A,8.87625503540039
0P8S06V,157.67465209960938
0PBSOBF,34.551608085632324
0PNJX5M,4.362217307090759
0RA7XHK,1.9021416306495667
0S7C4DH,5.6138927936553955
0TRP3ER,163.68806076049805
0US7N2T,113.74587821960449
0WS5BT8,165.83217239379883
0XABPKH,139.90684509277344
0XE31PI,43.036760330200195
0Y0V3J8,108.57191276550293
0YPOXHL,104.54206848144531
0ZFUG7F,41.20806837081909
105NU2D,159.29815673828125
10OB8IW,-0.36388707160949707
14EYJ6K,143.45608520507812
151LFIB,17.265921115875244
17FACUG,30.073248386383057
18M5SKB,75.32646083831787
1B4JFVL,157.14533233642578
1BF4WMH,2.1383605301380157
1BIEG1U,28.007404804229736
1C2TVDR,139.71337509155273
1C48ZJ2,106.38424491882324
1CMO0Y4,1.495402991771698
1CUTFTD,150.1775016784668
1DNN5IJ,114.20830535888672
1FG5H0O,159.05699920654297
1IOYQOT,172.40882110595703
1JBNE5I,0.6558984220027924
1LGRAYJ,55.927852630615234
1O20G6P,5.854622006416321
1PD72TN,136.67909240722656
1Q75HEP,2.4927642941474915
1RW5NMZ,3.365723431110382
1SZBSWT,1.2255533039569855
1U5BC3L,15.268985271453857
1WAZ8Q0,2.4616059064865112
1YE6439,4.2855271100997925
1YIF2RN,11.41203236579895
215TAPC,21.36630630493164
22DG8AR,159.55944442749023
233CS64,109.71896171569824
24JY8CX,127.91875457763672
24OX2ZO,158.0312614440918
24WYRNI,181.9737205505371
257YM8M,34.393903732299805
26I3DN0,4.083616882562637
26RDOIK,169.30035781860352
2861T51,108.05474853515625
28FV4CA,11.214380502700806
28XXOHY,51.53081703186035
2B8E3IA,135.5430450439453
2BFC9MJ,17.213968992233276
2D2Z50D,8.197782278060913
2DF76GS,119.22551918029785
2EEDA3F,146.90196990966797
2FO0WKT,137.24737930297852
2H6Z1TB,156.66230392456055
2IZ2FOA,153.0304412841797
2KJIQI4,2.154373437166214
2L6Z5NV,25.476109504699707
2LDKL4U,110.02303123474121
2MDACB3,15.786835193634033
2MQD51O,5.394379138946533
2OAIZ4C,170.03201293945312
2OU52SS,133.2009162902832
2QKDSRB,4.787306368350983
2R2BYQK,5.649521172046661
2RFLYH2,2.7144149243831635
2SNGXJS,57.49407958984375
2SZ6BB2,160.06984329223633
2U3Z9GM,3.3051288425922394
2VQN76H,13.4783034324646
2WJG38Y,2.6680887937545776
2WN9P3F,92.45040893554688
2WNNN6R,168.5062141418457
2ZDX7JP,67.24079895019531
2ZJX6E6,122.57046508789062
3369B4X,7.667634010314941
33AU2EF,34.55023956298828
34HQTD8,19.395271062850952
34JHI35,0.4496123790740967
37HAXAE,2.5001275539398193
38QC76K,87.51998329162598
3ARUZR4,12.48729681968689
3C8W5V6,12.498111009597778
3CAYCPX,27.93680191040039
3CI0CKX,29.600035190582275
3D0HQS7,4.479140222072601
3EA16E7,2.8879061937332153
3EHDLM2,23.053449630737305
3EXPKHN,-0.6459023952484131
3F2D9F0,169.20220184326172
3F9T39K,124.87909698486328
3G0G6A3,17.027256965637207
3HJ2SJ7,7.36079603433609
3IMSK3F,78.85496520996094
3IO8T7J,5.882284879684448
3K1QDO6,102.7726001739502
3PSGNSV,100.50908279418945
3PUBSAF,145.29707717895508
3Q1BEBW,138.6998062133789
3RCTMF2,59.4750394821167
3RL23LD,9.604332208633423
3VGPDZ5,155.1103172302246
3W7QZ5P,116.13092994689941
3XCKC70,5.036940932273865
3Y7OY4T,36.45068550109863
3Z7B62W,116.4356689453125
40LFOGC,181.6459617614746
40PHH7U,56.105369567871094
42DZQJA,16.30356478691101
45AI1QH,43.99110794067383
47ICDLY,0.32080140709877014
47XV4P3,116.45320129394531
485MJWX,7.975116610527039
49HVKTG,1.456616371870041
49ZGNCJ,12.648267984390259
49ZNW7E,8.319550037384033
4D6H3V3,38.55760192871094
4DARAWK,136.99669647216797
4DBURYH,-0.563926488161087
4IJL6PQ,1.575872004032135
4K01HCW,-1.4915422797203064
4KVOUFG,-0.1327148675918579
4MUT93Q,3.2047239243984222
4OMEQQM,12.286636114120483
4OU1J1Z,0.12330654263496399
4QIL7U4,27.945500373840332
4RFNZ3K,13.210632920265198
4RGXG6V,129.9353084564209
4SSME9C,96.51251220703125
4SXBIRR,56.139970779418945
4TAUY40,119.81023406982422
4ULD0F5,107.13028526306152
4UUST6G,11.068193674087524
4W49QH5,91.35968017578125
4W9H5MR,143.92070770263672
4ZOI3KZ,84.47384834289551
50JGUDC,9.105257749557495
51J42OG,83.85972213745117
52P1YPZ,11.151996314525604
5404OVK,14.18161129951477
54ILT9A,4.508572638034821
54VKXXW,24.749755859375
56AJT4M,114.05797004699707
58DQFW2,15.092982053756714
59A2WAI,12.938160419464111
59W1R31,2.812418043613434
5CGFJF4,6.842695653438568
5EI2I07,175.2907485961914
5ELWVGE,32.98053741455078
5F2CTMZ,3.8902682662010193
5HVS35S,156.68811416625977
5JE13GA,173.49711227416992
5K5GJFJ,20.361854314804077
5KKOYMO,140.35408782958984
5L3M523,-0.04372486472129822
5LVF7CU,10.828458309173584
5MM3YQB,21.509134769439697
5N0URLB,17.60526704788208
5N6EZ1S,141.0180549621582
5S3ELYF,100.90844345092773
5TBBZQV,181.27515029907227
5WGC8R7,83.45471000671387
5WN9VZF,35.75817012786865
5Y31GRR,162.76051330566406
5YAG9SP,0.5543323755264282
62E22PQ,8.207349300384521
652X54R,107.41735649108887
65VFJHC,0.7063043415546417
678EWN0,154.65478897094727
683T0RS,11.532640218734741
6AFF1OZ,132.15710830688477
6C3151N,-1.3023489117622375
6D2WD86,5.66826856136322
6D96UPF,31.003358364105225
6EY3N45,-0.5779775679111481
6F42S01,4.217737913131714
6H5XB06,18.066778659820557
6HBMUQ1,133.35064125061035
6HR8849,27.344905376434326
6I2ADVC,7.868482828140259
6KA2MF9,131.35143852233887
6NY6KYD,2.2650116086006165
6O6VZL4,10.353628396987915
6OC1RD0,83.52116775512695
6PSLJ54,122.31503677368164
6QNQRT1,12.836684077978134
6RGO7XW,5.12236562371254
6S3AVBJ,30.755401611328125
6W07TP6,44.36018419265747
6WIZX7C,152.06954956054688
6WKWAXF,95.18970489501953
6WRMCTV,3.193453311920166
6XO9WKJ,11.556742668151855
6Z0AG00,-1.7686178088188171
6ZX6KZY,107.47228240966797
70QTSOC,120.36112213134766
70QWCQN,16.2335045337677
70TT5RG,132.5246982574463
722FB2E,18.409080505371094
727BLLN,4.3381242752075195
72N4VXM,170.10692596435547
72QMGGF,100.63048934936523
7376KM2,160.18386840820312
74ZW69I,116.55634689331055
75INALX,150.0515365600586
7674G9Z,64.88909149169922
76PGI5C,10.313583850860596
76XL1DS,45.17735958099365
7871DQY,0.13228189945220947
78NCRDD,161.1971549987793
7B9PJ46,166.38289642333984
7BA3P7L,15.769102573394775
7BGQBZS,165.5854721069336
7CESXKA,12.945324182510376
7EYP4G0,16.038746118545532
7G31XF6,93.00845527648926
7H1DT0M,3.463394522666931
7H26K3P,111.58529281616211
7HJI3YZ,12.631147861480713
7HS8XBV,45.19760799407959
7J63FDQ,4.031917750835419
7KMO5P0,118.23314094543457
7KW3SI1,1.7324532866477966
7LF7KJA,112.66018486022949
7LP4WWS,6.969710350036621
7LR536E,160.33505630493164
7O4GI7N,28.54481601715088
7O5642F,178.56392288208008
7OGTH2F,3.5812530517578125
7OPTXE8,10.521882057189941
7QEL4LH,26.70487689971924
7TCN6IW,4.04274594783783
7V98R2Q,8.53859144449234
7Y2MHA7,-1.4635801315307617
7YI3CHO,16.636274099349976
7YL7D6W,92.85776329040527
7Z6YOV0,16.748719215393066
7ZGJQ2R,8.905921578407288
80PSDM6,-0.7797742486000061
80YBLWC,128.7238998413086
82JCYHJ,10.992548644542694
83TRY6G,9.924071073532104
88NI79C,3.748847782611847
8CO88MA,73.20417404174805
8F9XEV0,2.7628977596759796
8H1ZG4F,5.935803174972534
8H7C2ZL,128.5262565612793
8J4DMMT,13.778169393539429
8JAW9CN,2.3510764837265015
8JIS8H6,82.84640121459961
8LYR33E,140.81122589111328
8M6KSB8,127.63160133361816
8PIZIXD,40.61035633087158
8Q4ZXKO,24.455514907836914
8RZT1QY,102.96670341491699
8TZ31BD,6.9678661823272705
8U22RRT,6.881174921989441
8VMATWP,14.820592880249023
8W7VAH2,88.17792129516602
8W9J3U3,26.613245487213135
8Z4XDBI,2.5981470346450806
8ZSIWPM,148.67283248901367
91KR9VT,106.7269515991211
933QAGH,2.148233085870743
95NNRDB,21.190296173095703
96MA3AF,120.71733283996582
97CLVP8,122.41542053222656
98S7F3M,148.69806289672852
99AOQGC,6.106305956840515
9AWIFKJ,118.98836135864258
9BERHOH,7.607128739356995
9BFNNF9,22.868635177612305
9C9NGOA,14.809980869293213
9ECLL9Z,140.3431625366211
9HS5M9Z,4.210625648498535
9HTBUN6,138.7636547088623
9ISLQ60,21.418790340423584
9J02E7F,20.881418704986572
9L7B971,7.059925198554993
9ONYDLE,0.8452002108097076
9PDHCA1,172.1637191772461
9PFP18S,6.808722615242004
9RF4OHB,135.22170639038086
9RIXRTY,5.944101691246033
9T55WOP,159.29947662353516
9TGSTW6,162.5785255432129
9UNT4JY,77.95981025695801
9YGQZWQ,3.6086280047893524
A1OF2EL,60.9885368347168
A29CQ8L,60.16294574737549
A5LQQ0D,4.1916351318359375
A7J2YLO,153.5798110961914
A8KQLUM,9.546480178833008
AB21C6W,104.89388084411621
AERL2RY,54.987199783325195
AEUUU5U,122.62753868103027
AG7R283,10.817455410957336
AJCA5P8,6.675280928611755
AJFPZZZ,10.903540849685669
AJSS5A1,102.65316963195801
AKB182C,177.63180541992188
ALDWH1X,19.286322593688965
AM4T8JY,15.064418315887451
AM5E92T,25.646148681640625
APPXPKB,2.55038583278656
AQFXYE9,123.00164985656738
AS5JRV6,71.99710655212402
ATKC6E1,5.436685085296631
ATRGY6V,3.047181725502014
AUCA4KA,128.4899787902832
AVHWRWG,3.536550670862198
AWTEJT5,44.414172649383545
AXMPXBT,9.460378050804138
AYSTXS1,7.501643776893616
AZ4NS9X,4.970920920372009
AZK6D4H,45.55884075164795
B21VKS3,3.3464924693107605
B2V9IKE,85.12066841125488
B3NCMQS,18.32048535346985
B6975OR,20.20838689804077
B6KREXD,25.293545722961426
B8VHYMI,111.38235855102539
BDM72I6,106.7982349395752
BE7TGCB,187.1751251220703
BEQU1O6,2.2199815809726715
BEZN5NA,80.5440845489502
BI9LJ9F,25.085664749145508
BILX913,3.085567831993103
BJYZ72X,15.975396871566772
BJZYAU2,135.07607460021973
BK5HDYT,1.2521094381809235
BKM3H10,127.09252738952637
BOHWVWP,150.49909210205078
BOTF02V,-0.09991821646690369
BPBJ33N,149.7724838256836
BQKYO2C,9.380362391471863
BVMB1WZ,-0.8474462628364563
BX0I0XW,24.315771102905273
BXZ5ECW,35.87448501586914
C0J0F1P,0.3413142263889313
C30U17K,9.823482990264893
C4CD8HR,6.759533643722534
C5R886J,143.5459747314453
C8CSK7D,3.465743064880371
CAF3OAU,6.747093915939331
CB1QAVX,119.19586944580078
CDOQIA6,5.139092236757278
CEQ729A,129.93260765075684
CF0FDBB,122.2988109588623
CGZRMFT,-1.2543250620365143
CHGGEJ4,18.615206956863403
CI7SWQC,78.80583763122559
CKSFQXT,9.597649216651917
CMDVTUQ,110.48966789245605
CMEGM3B,5.763456463813782
CMVQOK5,18.23495602607727
CNC6RMY,26.6622371673584
CQDFDC9,162.42415618896484
CR90ZYN,40.31836223602295
CRA8AXR,122.34371376037598
CRM7XGR,158.36740112304688
CSJMN94,-0.9127014875411987
CSQ8ONL,131.2477569580078
CUA2D7G,1.3367112278938293
CVYLZ5L,3.060575634241104
CXWW04U,14.825713634490967
D4GH9YU,30.6197452545166
D4KYOVL,-1.9717839062213898
D506X95,161.1905059814453
D5RMK4N,158.99261093139648
D6IG1OR,90.76392936706543
DC8TVXY,-0.342218279838562
DCNHKH1,19.372262954711914
DCQAJD1,2.9098970890045166
DD34F1L,177.66637420654297
DE427GM,27.838690280914307
DEYZCCS,130.79751205444336
DFTL7CQ,12.107130527496338
DHC5KRP,2.2535150945186615
DHEVN3I,160.76309967041016
DHQ9UFQ,22.893433094024658
DK4DWMH,101.40154075622559
DK7XROB,28.324442863464355
DLB3WRH,137.63798904418945
DLG0XMA,123.22290992736816
DLRMPO2,8.781817197799683
DMYKPR4,0.28579041361808777
DPXRQX4,8.578176617622375
DT1A9E3,11.477177381515503
DTMHZ6T,117.93623924255371
DUCAFUH,161.04556274414062
DVTE2AN,190.55934143066406
DXL30LA,163.73639297485352
DXXUNY9,4.879438400268555
DY5YNRV,2.48676934838295
E1FC68F,67.4443006515503
E2ILHEI,5.609244465827942
E2MT71O,86.72738838195801
E2O8E0S,10.084612607955933
E4ESNDQ,84.84922409057617
E64E4F2,171.53732681274414
E8WJ4D6,-0.9152733087539673
E9L6ARS,86.69587135314941
E9VZB68,104.26424980163574
EAX9J3P,11.957140684127808
EDRQNYR,1.0368945598602295
EG65A2B,133.6018123626709
EGZPSVI,0.436517596244812
EH228C3,167.04914093017578
EHCONME,58.65559005737305
EHQZ4Y4,108.32878303527832
EIO9DRQ,117.98768997192383
EJVC014,1.2633973360061646
EKDFDQ7,158.4166259765625
EO8BCE9,1.7573652267456055
EP486A2,2.99722158908844
EQO0H5O,174.30223846435547
EQYUT34,10.677796721458435
EU9U747,160.74840545654297
EUCT2HM,2.9945656657218933
EWWBQKS,48.436591148376465
F0XCLZ9,6.849371790885925
F2C382V,22.334060192108154
F4TDEO1,20.837541818618774
F4WT22B,72.95227241516113
F4X93YN,170.11196899414062
F615LRG,20.26114249229431
F6IUZUE,33.66778802871704
F8L4C24,27.028599739074707
F97GO45,83.20365524291992
FAJGHMF,7.527864217758179
FALCTGY,72.25334167480469
FBCRMC6,106.59890174865723
FBSIOFN,-0.5481046140193939
FC5H2XI,6.640661835670471
FE4YE1C,9.574632406234741
FEGUXNF,145.21364974975586
FG6RFSL,2.0464534163475037
FH3L9HI,15.63740062713623
FL647DD,3.9540560841560364
FL9EGRN,20.415239572525024
FLUBYBI,150.9745101928711
FMQPOZ2,0.6548705399036407
FMVQMD6,54.63712024688721
FO9ZIP1,138.50085067749023
FP4US02,19.126700401306152
FQUA0G8,26.783695697784424
FRKT13D,2.836792528629303
FRYE2T3,158.6690216064453
FSKQ43U,49.15058517456055
FT4FYXF,1.7282338440418243
FT5NICP,14.92836594581604
FTFBY3X,10.86238169670105
FTIG3NA,23.801043033599854
FUNSQ0P,70.66385650634766
FUTQFXD,147.58110809326172
FWL6RHB,3.24626225233078
FYGWYUA,22.602311611175537
FYTPD4G,143.19704818725586
FZYBHN0,102.62996292114258
G1IGQ85,4.369005978107452
G2UPTB4,32.82854080200195
G351CWK,3.092396169900894
G3WNH2P,33.684417724609375
G4DSUVR,180.7723503112793
G65EE2X,2.6941533386707306
G6PSA7A,12.842468023300171
G7SVLIP,-1.5760948061943054
G87ZFLI,166.06561660766602
GAHA6EE,152.65142822265625
GCJ2R0O,11.253739476203918
GCR9H4I,132.5584716796875
GDESAIV,42.95315742492676
GFA2A6P,-2.1896740794181824
GHY7KTV,131.64731407165527
GJOSYVF,-0.23017778992652893
GL8ZFZL,74.33546447753906
GLPX4S2,11.333570957183838
GM4HYV5,70.46787357330322
GNII8UH,1.8290444314479828
GR09SH6,-0.6462309956550598
GRF7F86,10.063321232795715
GS0GUX3,87.14892578125
GSSEWG6,47.91335105895996
GVK341T,53.51305675506592
GXE9IT5,61.60813903808594
GXFDASD,106.08209800720215
GYP1U5X,0.743731826543808
GYZZQUR,13.569849252700806
H051PQS,1.3365994095802307
H068AI4,112.58424758911133
H0BQSMC,93.7369613647461
H0CW9H7,119.98168563842773
H2BBFBM,18.99663543701172
H2FHGXX,10.428242444992065
H5ZFFVP,27.452451705932617
H6B0IBN,6.066166162490845
H84XHH0,3.1574481427669525
H98LHW6,58.6221284866333
HAICAXI,1.9251124560832977
HB6C2VM,17.35212016105652
HB8UE93,67.48919677734375
HDC1SOW,58.125855445861816
HEHYAN3,16.98105025291443
HFMBQ2K,16.137626886367798
HGF3YM1,-1.6270014643669128
HJ0J8A4,11.839247226715088
HJFNQ4Z,97.68823623657227
HKJAHMJ,64.64970874786377
HN2VQUN,121.680908203125
HNODGSZ,106.08533668518066
HO8AH09,16.47122573852539
HOMRBI3,0.5474793016910553
HOXIMWQ,2.970624178647995
HOZAVUD,10.595248460769653
HP6L7CU,1.9304568767547607
HP7G5SI,94.28724098205566
HPDJVKT,76.01739692687988
HPOTGMM,23.406017780303955
HS3ZUIC,1.5509378015995026
HSBI33P,5.224999189376831
HSQJD7X,0.31625181436538696
HTMSKQH,163.87274932861328
HUOBPRT,100.8242359161377
I08O4A2,3.2058492302894592
I0S99NO,69.3703966140747
I1FLB1X,87.98089599609375
I30EI2M,9.042609691619873
I5XXEP6,48.589590072631836
I64GJA9,91.91500282287598
I6CB7TV,2.161722034215927
I6K3TX3,24.256755828857422
I7EWJKO,6.581065237522125
I915T3L,39.38313102722168
IBG3UBW,22.390238761901855
IBRH0UK,2.637229323387146
IBT03YF,8.28315532207489
IEEF6U2,4.708514213562012
IERSARJ,75.94733810424805
IGRN0CD,7.507477045059204
IGYTPRV,156.86174774169922
IL6AXV2,0.2678336501121521
ILTB4TJ,136.95869064331055
INQ0595,16.46446692943573
IPJXBNX,7.533677339553833
IQ6B52M,7.678026914596558
IRJC07R,148.03837203979492
IROJ9OQ,-0.43979689478874207
IS3U4NX,2.1435846090316772
ISR4UP5,-0.3168655037879944
IUF7U02,113.49784278869629
IZWTRY8,110.60062217712402
J13VWU8,20.750391721725464
J9ZC8KQ,8.19874620437622
JA5IZI6,1.8034859895706177
JADS7KZ,4.448720216751099
JDITQLL,131.5137825012207
JDS11FP,151.5684051513672
JERFJPA,160.96424102783203
JGRAFZR,90.77811241149902
JILOBHL,12.801656246185303
JJXZ413,171.36240005493164
JK0JD5Q,-0.19318482279777527
JO23YAB,113.93278884887695
JOEY6VD,4.737817823886871
JONLVA3,161.86602020263672
JOVNCCD,2.375237315893173
JP7G0TJ,157.02209091186523
JPLEKFP,114.88034248352051
JQIKVQB,2.8237862288951874
JQLQPLT,-1.3177369832992554
JRCABOC,155.13722610473633
JU7L4Z8,4.256850093603134
JVGSVUU,11.083843350410461
JWB66T9,10.548020839691162
JWU18S5,40.9482364654541
JWUNRHJ,0.30600178241729736
JXEEO4C,26.646865367889404
JZGQJ8S,23.748594284057617
K0N9P1U,25.87527847290039
K0X7GEF,61.204102516174316
K10QAFA,99.64644241333008
K1BHMVT,108.80012893676758
K1GUNP7,9.593772888183594
K2LRVIV,61.74870681762695
K41CN5K,11.021725416183472
K6RTCX4,1.6822434663772583
K8W0QKS,140.4143829345703
KAL2K6J,87.72388458251953
KAVI2N7,13.266835451126099
KBFI436,9.341105580329895
KDW4FH2,0.6474840939044952
KFY6NQP,11.902339458465576
KH965L6,27.812585830688477
KHA8AKR,139.54044914245605
KHZD78Z,1.3024434745311737
KIPA1Z1,0.11205080151557922
KL0XRM7,161.61399459838867
KMQIOPL,126.71586608886719
KNTFONZ,21.102619647979736
KOG35ZD,15.509458780288696
KR4ZVZU,7.662059426307678
KRILFSB,19.557096242904663
KT0IR8S,94.85025978088379
KT4DCML,4.197412550449371
KT4DV8U,3.3705770075321198
KV9S7BO,2.3986822962760925
KYV0YPK,9.124029040336609
KYWK5FL,25.073694229125977
KZ6HHR7,3.3152305483818054
KZ9I7G4,100.11189079284668
KZDA0TR,15.299450874328613
L14R619,-0.208908349275589
L14TI9W,1.0920214354991913
L296CLJ,7.169699430465698
L2SH4Z3,1.9454543888568878
L3108JM,128.1400604248047
L3M3MP4,4.043662786483765
L3RDZF7,158.86795806884766
L5KP644,104.92079544067383
L90MOJU,0.0017567574977874756
LABCTSY,15.57906985282898
LB9DYZX,9.714739084243774
LBJ4V47,70.12133407592773
LCNON4M,43.44448804855347
LE0ZIZO,5.743628680706024
LI27M5L,-0.3581383526325226
LJ2XPP0,8.65227010846138
LJX33VY,0.7982887625694275
LN1CZWZ,122.77415657043457
LNGUZ2C,177.1500701904297
LNLWG10,-0.031310081481933594
LNNL1RQ,5.258204460144043
LOA8BK5,129.52780532836914
LOZM079,104.9598388671875
LR7MT81,82.10383987426758
LRJ3LYZ,2.951626569032669
LTSRY8L,14.084879159927368
LU5H6KW,-4.429362416267395
LVDXGC6,9.29987159371376
LWVVA1Q,-0.09431201219558716
LXFQZIP,88.43415069580078
LXQNDTB,66.99739742279053
LY89Y4W,4.583931922912598
LYFZXE7,10.476808190345764
M0L2YZI,64.46845817565918
M0RK3DS,172.6555061340332
M3G1XV8,10.156539469957352
M4HMED4,12.726964712142944
M8H3UGM,13.76375961303711
MAGHREI,3.382047712802887
MB9HM4N,6.10886013507843
MBCPBZ6,13.410161972045898
MCHTPDO,19.02819848060608
MDDALNY,148.66223907470703
MDY5G9V,98.59746742248535
MFN67G9,11.95498514175415
MHNMH6Z,5.986270546913147
MIG763X,-0.5115410089492798
MJLGMEK,4.4866043627262115
MJO75IU,0.49207502603530884
MKVHOLH,30.499027729034424
MM37PJI,66.01496887207031
MMCJPLL,102.366455078125
MMTJANS,127.81488227844238
MN59YXM,74.74458885192871
MOC9YLU,2.3433234691619873
MOI31TE,146.47235107421875
MQ3XADH,97.95101737976074
MSXTFXP,-0.20224347710609436
MTBC19M,48.29877185821533
MVXMSBI,5.961352467536926
MX9JAX5,88.01886940002441
MXWBZDB,98.7467098236084
MYKRT2F,7.025429517030716
MZOQHE1,123.86454200744629
N01GIXS,18.170560359954834
N04RVND,59.926605224609375
N06USYP,107.81736373901367
N2KF0V7,7.663929343223572
N4NLMES,21.627593278884888
N7GJMJC,-0.2554662823677063
N7HHK3S,81.33599853515625
N7ZUKG2,13.207889795303345
N9T6VLM,137.14097023010254
NAYJB10,149.48627090454102
ND0JYDB,152.47096633911133
NDL8SYB,30.336275577545166
NGHQY9E,1.3522027432918549
NGPVLJR,5.261309862136841
NI07H6B,149.99342727661133
NIV1PX6,3.0713202953338623
NIZ8E6V,3.2392760813236237
NJBXEA9,133.40472602844238
NJCV4SV,18.589975833892822
NK25JX7,14.29686689376831
NK595I5,14.70863389968872
NKJZ0P2,6.506721377372742
NLSHK5G,21.268280267715454
NM86P1X,8.419792294502258
NMJ91KT,29.911176204681396
NMOE9MS,67.42565822601318
NMQB7KY,7.171263694763184
NOGV1OL,1.4351966083049774
NS1NM6I,173.9702377319336
NT4Q0ZN,92.91336822509766
NTE87ZD,82.7685661315918
NU8EA7A,14.457767009735107
NUJU0CV,2.71189546585083
NW13DAE,138.27721786499023
NW3L55I,-1.5203328728675842
NXU1FAJ,0.9971680045127869
NYODCCH,14.441095471382141
NYX6H0Y,0.6016186475753784
NYY0XPX,18.7105929851532
NZJ061W,6.80954384803772
O0B0W9W,4.515259146690369
O2RJ5K0,7.796392321586609
O44FHVP,21.273948907852173
O54VQNV,88.70464324951172
O66E2GD,99.29668998718262
O6BUZ4X,0.23386317491531372
O72ZAMH,15.219489812850952
O8TLCHZ,3.3094289302825928
OAJK6MW,136.25135803222656
OAUV81P,13.738122940063477
OBMXWKQ,100.37143898010254
ODNFJ1I,1.4759395718574524
OE6CHSJ,38.899667739868164
OFISK6Z,15.22509503364563
OGJCMH5,4.488991737365723
OHHERMF,51.29001426696777
OHRIL2J,26.88374662399292
OIIQANC,4.973026812076569
OJF3LBX,1.8489398956298828
OJFDFUL,132.11035919189453
OJV6V0S,71.87219142913818
OK14ZYP,21.280489683151245
OK549UV,-0.07803884148597717
OKR2Z1E,69.9347152709961
ORDQF56,21.583542823791504
OSU9FUF,5.500168740749359
OTWHFDS,28.186888694763184
OUDIE7M,9.826711893081665
OV0H82B,3.8726606369018555
OWWO3TJ,7.475301027297974
OY6MMSI,164.3433609008789
P01O5SE,27.12689781188965
P0AURVR,14.55854606628418
P0PNAP5,173.61264419555664
P0YRLF8,147.14410018920898
P101U1Y,52.0029354095459
P12LTXP,5.702805280685425
P50W51Q,167.09375381469727
P5DRBT5,128.48794746398926
P6FYCS3,2.032353788614273
P9TF6H0,97.80433464050293
PBNG5I2,13.502925157546997
PC3PTM2,0.06535986065864563
PCGXFAT,134.79058837890625
PFZJUDY,-0.3557620644569397
PG0TUFO,16.234610557556152
PG8VHKY,-0.6242660880088806
PGYPB96,1.7758947610855103
PM9ZGVN,1.257717490196228
PMPI904,51.46981334686279
PN2QXU4,0.07863718271255493
PN5AEJR,9.75203561782837
PNJ2S96,6.3950962126255035
PPH0474,80.53559875488281
PPOUS3C,73.37906646728516
PQOZQ9W,27.149895191192627
PR60JLQ,31.800312995910645
PUR3YEG,18.827280521392822
PUT5QUT,145.98733520507812
PUWWXS3,15.573989868164062
PUYBLCL,30.311484813690186
PV7EBPS,20.14457607269287
PVXKA3W,2.204560101032257
PWC55BT,158.62346649169922
PWQR8P5,176.51921463012695
PWS7UD9,-0.40248167514801025
PX46FE3,3.9284762740135193
PXXEFA4,147.7893180847168
PZUN8NP,10.014369487762451
Q1HNN28,19.321064710617065
Q1PCL13,1.1251389682292938
Q2JRIJN,143.2555160522461
Q5CFP2T,0.5909368097782135
Q6143KU,18.5525062084198
Q6U5I4N,-0.09012728929519653
Q8BIIZU,6.779810547828674
QAMMRSD,126.76677703857422
QAVLQCN,1.3481772541999817
QB85T37,3.6483013927936554
QBSVYYD,7.94283664226532
QC4RN0Z,115.20497131347656
QCIILW3,149.0912208557129
QD2GE6I,28.787466049194336
QDAV94C,4.606105446815491
QDDDZYT,21.92881202697754
QDPYL2U,-1.0259411036968231
QFG60LS,17.04878807067871
QGCAKZ6,113.79114723205566
QH706K1,109.15214347839355
QJWTY2B,19.637946367263794
QL9SLDS,3.2591148614883423
QLFK8BS,4.84867262840271
QN3PKLF,142.2779541015625
QOEBOR8,160.4571075439453
QRT7KJF,27.03252077102661
QYE25PI,102.97689819335938
R0XEUCT,1.1595426797866821
R3H5L23,135.3641414642334
R48DF2L,10.495293080806732
R5927WW,0.0919809639453888
R6LT29V,4.591473877429962
R8YU11R,9.78926932811737
R979NJ6,2.030013144016266
RBAQOFV,3.6222164630889893
RBHGOKY,7.856048226356506
RCQGWY3,7.968484282493591
RDG6JOX,109.06716346740723
RE3QZSQ,56.28608703613281
RG750W1,111.9765853881836
RHK3W5P,120.09218978881836
RHTASON,26.043582916259766
RIA9L1X,0.7790413498878479
RIWAT3Q,25.713576793670654
RJN1OGL,19.23529624938965
RKRR2HK,114.11431503295898
RKX72I7,5.712156534194946
RQ18H79,31.429763793945312
RQ1U4BU,9.186242938041687
RQID34P,5.620765566825867
RS6CKPN,1.3791502118110657
RV6TP2Y,1.289631873369217
RWWNTNS,144.7620849609375
RX0JEQP,100.94526481628418
RX6KMNP,5.338365793228149
RXPYHF3,17.356624603271484
RYFH3P3,104.25729942321777
S0Y29Q5,4.9515315890312195
S2L6QF0,4.807893633842468
S2Y87VX,144.86363220214844
S4ZYSZU,137.56015014648438
S99UBPA,10.188739538192749
SBR1I5B,80.01175689697266
SBYNJPC,150.33142471313477
SCLUFL4,168.7596778869629
SCMB4HS,41.030760765075684
SDHV2E2,22.739801168441772
SDLC84L,-0.8427507281303406
SFW9WE4,157.2211151123047
SHKI70P,1.5122331380844116
SHVSINU,67.00756072998047
SISXQO1,14.530833959579468
SK239FE,2.2136284708976746
SLWT623,73.1367416381836
SOWKV4B,12.575316667556763
SQY1S3T,6.2910929918289185
SRML5XX,154.64418411254883
SSEAUO8,50.10207557678223
ST21GGG,9.499053478240967
STSE3UQ,11.621601581573486
SUO3D2H,117.93438720703125
SWFDSHK,14.678672313690186
SWKZV33,1.807213306427002
SXSHSV4,179.49073791503906
SYOY7YP,78.66768074035645
SZYVVAJ,7.859233498573303
T16HRPB,188.35651397705078
T3FQ1IO,3.0942732989788055
T550RFY,120.07268142700195
T6GPZ9H,-5.603253275156021
T76P2C4,43.484724044799805
T87F8W7,1.160161405801773
T91IVRT,18.861528158187866
T9DMXO7,6.831507742404938
TA0D4P0,1.2079919576644897
TA8ZG38,112.32997512817383
TAHVMK0,10.110543847084045
TB7TL8P,2.29883348941803
TCUK28W,127.21408271789551
TD4M9IK,52.821327209472656
TDAXQX1,15.90529727935791
TE59SSX,-0.04335373640060425
TGOMFD8,27.54293966293335
TH952D6,8.974329829216003
TI0U4IY,122.08175659179688
TJ40R7Z,116.2762336730957
TKML29Z,0.9876248836517334
TKY534E,15.734748363494873
TLBPRJT,0.6109423041343689
TLRP1RN,17.021942853927612
TM2BCK1,157.23083877563477
TNDL3KQ,111.91608810424805
TOC5EQQ,4.3067954778671265
TOM8OZI,3.203478217124939
TORWZ2S,35.89800405502319
TPQ42FD,11.791545391082764
TQK8SE6,20.69761848449707
TS6ARCC,25.546645641326904
TSIHOGS,93.2811508178711
TSSOEEC,11.118305206298828
TV0NYBT,162.33710479736328
TVCIMNO,6.164468050003052
U26ISD7,0.5135955214500427
U3KWRHP,70.91448402404785
U7CE78T,90.60547637939453
U7OFXYN,143.4678726196289
UCERMV9,11.894209384918213
UDRXCVI,5.553980827331543
UDVPP7H,145.41694259643555
UDVQQGH,4.148151695728302
UEMFQN8,151.6661605834961
UEPBGEN,59.013617515563965
UFQYCD6,150.4319839477539
UG4033A,15.051873683929443
UGBKXR4,1.0490421950817108
UHH0JMJ,106.81549072265625
UII41SH,6.981404900550842
UJHDJHG,162.8461151123047
UJUYOLI,0.04456084966659546
UKFHU8P,76.65133666992188
ULKCFXQ,-0.3299131989479065
UMXNA7S,9.83771288394928
UNXLCFA,0.14522084593772888
UOTYB4Z,4.65580540895462
UPLYPDZ,119.8567008972168
URDFM9C,4.256311774253845
UUYQ8U8,-0.3298286199569702
UWC9O6R,-0.8728323578834534
V17SWCB,37.44004154205322
V4AG3BZ,167.4844512939453
V4TGYUD,9.525208115577698
V55FAD9,-1.750358670949936
V6J7H8M,20.67521095275879
V6KT9YF,1.5740772187709808
V72HTL3,7.742657780647278
V7M38SK,9.483033895492554
V82OVOR,3.012873649597168
V8CR93T,12.821624279022217
V8JIS8T,4.793743908405304
V9AFHQD,87.69208145141602
VA2T7KX,-1.7304990887641907
VBABIFF,21.2076518535614
VCGV5PO,5.251161485910416
VCOS60V,79.81790924072266
VGIYTG8,25.165926933288574
VIYJ2S1,97.3795394897461
VJ4J06X,162.59109497070312
VKEJEZ4,28.783660888671875
VKLQ39V,-2.2920690774917603
VLTLL4G,26.11413049697876
VLYY49A,1.7784322798252106
VQUNXHA,6.418078362941742
VSI7BPX,111.73820877075195
VSNMUB5,81.49353981018066
VTI2CHZ,110.26455879211426
VTYXS93,42.78559494018555
VUBGIAF,1.0775426030158997
VUO6R2Z,12.266546249389648
VWCFGYF,11.393101692199707
VXNG30P,138.10581588745117
VYMVWT9,49.62732410430908
VYNVAPY,143.87783432006836
VYWR87L,41.00352954864502
VZEPXPG,97.59439277648926
VZICCTI,14.780425786972046
W0CNP79,14.74718165397644
W2Z6J2Z,133.1162338256836
W5T6T2N,106.47818946838379
W6VEMPQ,87.64766311645508
W7R3LVZ,1.3655037581920624
W9AWQ4O,-3.2838873863220215
W9YLEKZ,17.81078267097473
WBPJA6G,0.7482548654079437
WBVEPDT,0.7414240539073944
WG31KFR,19.832451581954956
WG7DVB6,165.49594497680664
WGWWSS0,106.5232982635498
WJHOBLB,103.67661094665527
WL27YXX,25.931929111480713
WN4C63S,20.57952356338501
WQ4CH8P,-1.6763648390769958
WQ4YJXP,18.212664127349854
WUSOYJK,8.9223051071167
WV0SZOG,1.0339007377624512
X11R9DJ,39.56809043884277
X2FJEJ4,112.68955993652344
X55EOMC,16.822810888290405
X73JLGE,1.2080952525138855
X7K5LU8,5.398058474063873
X9G3F3Z,83.04206466674805
XA2NBUP,83.87532424926758
XAZ35LW,1.277927577495575
XC8ETQL,115.42570877075195
XDHC6GG,152.69011688232422
XHQI8KL,168.0334930419922
XIIGZTS,162.7744598388672
XJRGZRJ,11.296903371810913
XM7IJ8L,0.1376945972442627
XT6TNAN,152.54973983764648
XT7CRZU,9.732686877250671
XU5DGS2,15.708129644393921
XU9XIXF,72.5705509185791
XVZ2RIL,21.880662441253662
XW1490D,104.95798110961914
Y1119PM,0.9893839061260223
Y1M2G3O,3.9914066791534424
Y2V57FE,90.57145500183105
Y3AKS6U,-0.02454012632369995
Y3W7VYK,-0.2728537321090698
Y4VZQZF,29.002745151519775
Y5EMJGV,13.43111276626587
Y7G7PMW,18.4762921333313
Y80ASGS,114.74054527282715
Y8LZQKT,-1.0738483667373657
Y8Y08IC,10.414170265197754
Y9EHU0R,173.49309158325195
YAKYSNG,12.553818464279175
YCMP3TK,3.1718040704727173
YDL00PC,9.580998122692108
YE0GB1U,74.96516799926758
YEZMCKP,2.8148641884326935
YF7VZYM,42.16689491271973
YFO7J6P,-1.8042520880699158
YHX5E97,160.99264526367188
YJ5CIHU,26.910397052764893
YJFF28O,102.5779037475586
YJLAFIK,34.50648355484009
YJTJ3L0,64.91311454772949
YLM1PNU,138.1543731689453
YMPLAGW,159.68161010742188
YN8E8G6,7.331497669219971
YNH3CWY,4.069484531879425
YO2YZY4,139.01556777954102
YORBIHJ,131.83491134643555
YQ3FRP1,135.54825401306152
YQU7L9F,1.4011304378509521
YV20EMP,124.77182197570801
YV2IUYV,33.86411952972412
YXAANFN,5.7896298468112946
YXK58V3,96.64827537536621
YXLBNNQ,3.8824652433395386
YXLY3B3,5.00244528055191
YZ5ZC6D,135.5951805114746
YZ8PFXZ,0.8989420235157013
Z1A2M3S,9.252653062343597
Z37PQTQ,15.874512434005737
Z51GAXD,-0.014012694358825684
Z6JMNCM,65.05687236785889
Z792KK0,129.69873046875
Z9C6CFV,123.05434036254883
ZAOFFCZ,64.83279323577881
ZCIA93Q,142.26726531982422
ZDJMCKC,162.24933242797852
ZFB9S4P,22.77659821510315
ZFM74S5,33.731534004211426
ZH2B8CW,27.700846195220947
ZHXKN8M,105.15537071228027
ZHY9YK1,64.3432846069336
ZLVOYMA,146.4181251525879
ZM60DUE,9.715159893035889
ZMIUDEL,116.84949493408203
ZMNMD3T,162.30418395996094
ZNEIOE5,107.84579277038574
ZNKN081,21.979438304901123
ZO1LB7F,16.66295862197876
ZPENM3F,4.772700071334839
ZPMPL47,14.422971248626709
ZQFMQVU,145.7161464691162
ZRAHMG2,3.380366325378418
ZS0Z900,142.12917709350586
ZSNE8SY,18.66229486465454
ZUX503E,4.778709053993225
ZV3KA4K,42.78235149383545
ZV99Z7P,9.679805397987366
ZVO9F7A,19.622320652008057
ZVVA1LV,4.18748265504837
ZXHN2A8,-0.7939952909946442
